{
  "LR (Weak-10)|random": {
    "accuracy_mean": 0.7262032085561497,
    "accuracy_std": 0.02692979318077896,
    "macro_f1_mean": 0.5765613413963351,
    "macro_f1_std": 0.05038945918515846,
    "auroc_mean": 0.8175992655795371,
    "auroc_std": 0.01760759969398887,
    "spark_recall_mean": 0.16666666666666666,
    "spark_recall_std": 0.09128709291752769,
    "spark_f1_mean": 0.2521428571428571,
    "spark_f1_std": 0.13160529870991547,
    "normal_precision_mean": 0.6943070853197435,
    "normal_recall_mean": 0.7095890410958904,
    "normal_f1_mean": 0.7009739266129533,
    "spark_precision_mean": 0.5833333333333333,
    "vibrate_precision_mean": 0.7519330876437773,
    "vibrate_recall_mean": 0.803921568627451,
    "vibrate_f1_mean": 0.7765672404331948
  },
  "LR (Weak-10)|device": {
    "accuracy_mean": 0.7543690279058533,
    "accuracy_std": 0.05764837525193366,
    "macro_f1_mean": 0.5618408775158269,
    "macro_f1_std": 0.08024636004497944,
    "auroc_mean": 0.7792420782470397,
    "auroc_std": 0.07136479935929842,
    "spark_recall_mean": 0.1043010752688172,
    "spark_recall_std": 0.14092176279919036,
    "spark_f1_mean": 0.14312925170068028,
    "spark_f1_std": 0.1845339380899939,
    "normal_precision_mean": 0.69085586577112,
    "normal_recall_mean": 0.7563516346535215,
    "normal_f1_mean": 0.7210912430532103,
    "spark_precision_mean": 0.25555555555555554,
    "vibrate_precision_mean": 0.8187087115223279,
    "vibrate_recall_mean": 0.828297915463328,
    "vibrate_f1_mean": 0.8213021377935903
  },
  "LightGBM (Weak-10)|random": {
    "accuracy_mean": 0.7197860962566844,
    "accuracy_std": 0.012923043822026267,
    "macro_f1_mean": 0.6384759563063629,
    "macro_f1_std": 0.01966145793871543,
    "auroc_mean": 0.8520624363518963,
    "auroc_std": 0.02032660952030278,
    "spark_recall_mean": 0.3666666666666667,
    "spark_recall_std": 0.06666666666666668,
    "spark_f1_mean": 0.46553773024361256,
    "spark_f1_std": 0.08995102914645445,
    "normal_precision_mean": 0.6808542485730434,
    "normal_recall_mean": 0.6794520547945205,
    "normal_f1_mean": 0.6790612487833794,
    "spark_precision_mean": 0.6583333333333334,
    "vibrate_precision_mean": 0.7541582408262869,
    "vibrate_recall_mean": 0.7901960784313725,
    "vibrate_f1_mean": 0.7708288898920964
  },
  "LightGBM (Weak-10)|device": {
    "accuracy_mean": 0.6403818845658008,
    "accuracy_std": 0.08501485290594812,
    "macro_f1_mean": 0.44589089150933237,
    "macro_f1_std": 0.0741989599631516,
    "auroc_mean": 0.6906984338845417,
    "auroc_std": 0.0539778509124563,
    "spark_recall_mean": 0.016666666666666666,
    "spark_recall_std": 0.03333333333333333,
    "spark_f1_mean": 0.02,
    "spark_f1_std": 0.04,
    "normal_precision_mean": 0.5786188492257927,
    "normal_recall_mean": 0.6103093659697434,
    "normal_f1_mean": 0.5925031700940009,
    "spark_precision_mean": 0.025,
    "vibrate_precision_mean": 0.7157753213101088,
    "vibrate_recall_mean": 0.7399024726062792,
    "vibrate_f1_mean": 0.7251695044339963
  },
  "LR (Full-33)|random": {
    "accuracy_mean": 0.7882352941176471,
    "accuracy_std": 0.013779784734465384,
    "macro_f1_mean": 0.8209342927510239,
    "macro_f1_std": 0.02492005037439524,
    "auroc_mean": 0.9160235196387105,
    "auroc_std": 0.01041197149053388,
    "spark_recall_mean": 0.9,
    "spark_recall_std": 0.12247448713915891,
    "spark_f1_mean": 0.9186666666666665,
    "spark_f1_std": 0.06695271963607352,
    "normal_precision_mean": 0.7382779216283579,
    "normal_recall_mean": 0.7287671232876712,
    "normal_f1_mean": 0.7318557143059075,
    "spark_precision_mean": 0.9512820512820512,
    "vibrate_precision_mean": 0.8092902994451029,
    "vibrate_recall_mean": 0.8176470588235294,
    "vibrate_f1_mean": 0.8122804972804973
  },
  "LR (Full-33)|device": {
    "accuracy_mean": 0.8122131710063698,
    "accuracy_std": 0.08175298216769387,
    "macro_f1_mean": 0.7753211319917412,
    "macro_f1_std": 0.1045041447542463,
    "auroc_mean": 0.9152251383373292,
    "auroc_std": 0.053178605472568335,
    "spark_recall_mean": 0.7086021505376344,
    "spark_recall_std": 0.26614586674245133,
    "spark_f1_mean": 0.7419545596016184,
    "spark_f1_std": 0.18230284921523507,
    "normal_precision_mean": 0.7134555619818779,
    "normal_recall_mean": 0.7420873703892573,
    "normal_f1_mean": 0.7224475977863659,
    "spark_precision_mean": 0.8646376811594203,
    "vibrate_precision_mean": 0.8697782310374101,
    "vibrate_recall_mean": 0.8601784704443329,
    "vibrate_f1_mean": 0.8615612385872392
  },
  "LightGBM (Full-33)|random": {
    "accuracy_mean": 0.8609625668449199,
    "accuracy_std": 0.021656103455953576,
    "macro_f1_mean": 0.8809641884970778,
    "macro_f1_std": 0.02235430174864807,
    "auroc_mean": 0.9588158586730845,
    "auroc_std": 0.009145103814264824,
    "spark_recall_mean": 0.9666666666666666,
    "spark_recall_std": 0.06666666666666665,
    "spark_f1_mean": 0.943048951048951,
    "spark_f1_std": 0.03311094215941522,
    "normal_precision_mean": 0.8402795616083761,
    "normal_recall_mean": 0.8054794520547945,
    "normal_f1_mean": 0.82152761140617,
    "spark_precision_mean": 0.9274725274725275,
    "vibrate_precision_mean": 0.8701557116227319,
    "vibrate_recall_mean": 0.8882352941176471,
    "vibrate_f1_mean": 0.8783160030361128
  },
  "LightGBM (Full-33)|device": {
    "accuracy_mean": 0.7549611194625847,
    "accuracy_std": 0.09084922358801358,
    "macro_f1_mean": 0.6867787135607508,
    "macro_f1_std": 0.17236540754213758,
    "auroc_mean": 0.843650694902971,
    "auroc_std": 0.12444623092296704,
    "spark_recall_mean": 0.5172043010752688,
    "spark_recall_std": 0.4128549198893776,
    "spark_f1_mean": 0.5797202797202797,
    "spark_f1_std": 0.37845285524903105,
    "normal_precision_mean": 0.6630931215413974,
    "normal_recall_mean": 0.6857923961697547,
    "normal_f1_mean": 0.6737747113819084,
    "spark_precision_mean": 1.0,
    "vibrate_precision_mean": 0.7841732775937448,
    "vibrate_recall_mean": 0.8332525075742729,
    "vibrate_f1_mean": 0.8068411495800646
  },
  "Chronos+RF (TSFM)|random": {
    "accuracy_mean": 0.7508021390374331,
    "accuracy_std": 0.02073873735793082,
    "macro_f1_mean": 0.7663023770496793,
    "macro_f1_std": 0.016087027635184437,
    "auroc_mean": 0.8918845614613234,
    "auroc_std": 0.02313343195760413,
    "spark_recall_mean": 0.8,
    "spark_recall_std": 0.11303883305208781,
    "spark_f1_mean": 0.847041847041847,
    "spark_f1_std": 0.05250622048675396,
    "normal_precision_mean": 0.7643555703097924,
    "normal_recall_mean": 0.5780821917808219,
    "normal_f1_mean": 0.6577571845171558,
    "spark_precision_mean": 0.9177777777777777,
    "vibrate_precision_mean": 0.7316020236749127,
    "vibrate_recall_mean": 0.8686274509803923,
    "vibrate_f1_mean": 0.7941080995900347
  },
  "Chronos+RF (TSFM)|device": {
    "accuracy_mean": 0.7215400230436014,
    "accuracy_std": 0.05236629255005876,
    "macro_f1_mean": 0.6262135527780386,
    "macro_f1_std": 0.12929611334604849,
    "auroc_mean": 0.8208879105681588,
    "auroc_std": 0.09817047748667229,
    "spark_recall_mean": 0.42611367127496164,
    "spark_recall_std": 0.31595357875728036,
    "spark_f1_mean": 0.4742885872297637,
    "spark_f1_std": 0.3130528840734742,
    "normal_precision_mean": 0.6382030004527693,
    "normal_recall_mean": 0.6019207887132415,
    "normal_f1_mean": 0.6149151585162367,
    "spark_precision_mean": 0.585,
    "vibrate_precision_mean": 0.7476877552412349,
    "vibrate_recall_mean": 0.839800598053713,
    "vibrate_f1_mean": 0.7894369125881152
  }
}